Primary Key	First Name	Last Name	Department	Phone	SMS	Pager	Email
1001	Rolan	Rosskopf	Finance	5551987233	5551987233	5557630893	rrosskopf@fakehospital.org
1002	Jezel	Fazio	Pediatrics	5553614581	5553614581	5552351321	jfazio@fakehospital.org
1003	Saloni	Arcemont	Information Technology and Communication	5552405652	5552405652	5559898200	sarcemont@fakehospital.org
1004	Beverlyn	Keppeler	Clinical Pathology	5555655812	5555655812	5558530415	bkeppeler@fakehospital.org
1005	Maceo	Gianotti	Orthopaedic	5553939742	5553939742	5553346827	mgianotti@fakehospital.org
1006	Favian	Sheley	Information Technology and Communication	5552149729	5552149729	5556429298	fsheley@fakehospital.org
1007	Wealthy	Lenartowicz	Engineering Services	5556305140	5556305140	5559072677	wlenartowicz@fakehospital.org
1008	Melbourne	Diabo	Clinical Engineering	5557404497	5557404497	5555347527	mdiabo@fakehospital.org
1009	Cass	Styskal	Administration	5551824995	5551824995	5557604953	cstyskal@fakehospital.org
1010	Kerby	Yurasits	Central Sterilization Unit	5551925660	5551925660	5553674134	kyurasits@fakehospital.org
1011	Sade	Herstein	Housekeeping	5558925639	5558925639	5553011930	sherstein@fakehospital.org
1012	Cleophas	Kanagy	Orthopaedic	5557312520	5557312520	5552615501	ckanagy@fakehospital.org
1013	Jeremey	Keagle	Central Sterilization Unit	5558474745	5558474745	5555645269	jkeagle@fakehospital.org
1014	Terea	Cirnigliaro	Medical Records	5557957448	5557957448	5554393619	tcirnigliaro@fakehospital.org
1015	Lorry	Rabalais	Inpatient	5555889658	5555889658	5555881705	lrabalais@fakehospital.org
1016	Chakita	Subach	Nutrition and Dietetics	5553566498	5553566498	5551765691	csubach@fakehospital.org
1017	Cornesha	Danels	Casualty	5559176447	5559176447	5552784699	cdanels@fakehospital.org
1018	Ogechi	Borcher	Engineering Services	5554772520	5554772520	5551978736	oborcher@fakehospital.org
1019	Tucker	Alsharif	Engineering Services	5555687910	5555687910	5552142363	talsharif@fakehospital.org
1020	Earlean	Shehab	Central Sterilization Unit	5555663392	5555663392	5558776877	eshehab@fakehospital.org
1021	Fred	Stuwart	Nutrition and Dietetics	5558543782	5558543782	5559629911	fstuwart@fakehospital.org
1022	Laretha	Klusty	Finance	5552844862	5552844862	5552972153	lklusty@fakehospital.org
1023	Chandlar	Benjaminson	Human Resources	5553405166	5553405166	5551400541	cbenjaminson@fakehospital.org
1024	Renea	Ragoo	Catering and Food Services	5553400046	5553400046	5556691178	rragoo@fakehospital.org
1025	Hubbard	Vandruff	Medical Records	5557000391	5557000391	5551091367	hvandruff@fakehospital.org
1026	Arren	Tasse	Haematology	5551835519	5551835519	5554673031	atasse@fakehospital.org
1027	Kateleen	Barnet	Pediatrics	5558384997	5558384997	5556209334	kbarnet@fakehospital.org
1028	Kanisha	Silacci	Finance	5558135997	5558135997	5557179916	ksilacci@fakehospital.org
1029	Marylyn	Eyre	Engineering Services	5552189390	5552189390	5555187535	meyre@fakehospital.org
1030	Phebe	Gerrior	Human Resources	5551265298	5551265298	5556799059	pgerrior@fakehospital.org
1031	Dontreal	Mulbah	Catering and Food Services	5554910523	5554910523	5552683008	dmulbah@fakehospital.org
1032	Keilon	Woullard	Medical Records	5554797185	5554797185	5557798648	kwoullard@fakehospital.org
1033	Khalik	Leveille	Operating Theatre	5551605589	5551605589	5558122452	kleveille@fakehospital.org
1034	Cher	Guadiana	Oncology	5551865770	5551865770	5553426489	cguadiana@fakehospital.org
1035	Eliette	Schaef	Clinical Engineering	5551931339	5551931339	5556521113	eschaef@fakehospital.org
1036	Virgie	Orallo	Housekeeping	5551007679	5551007679	5552312554	vorallo@fakehospital.org
1037	Letha	Horkan	Central Sterilization Unit	5551103883	5551103883	5555383203	lhorkan@fakehospital.org
1038	Donaciano	Gazlay	Clinical Engineering	5553214354	5553214354	5557774175	dgazlay@fakehospital.org
1039	Brayant	Cheyne	Pediatrics	5552661398	5552661398	5556981151	bcheyne@fakehospital.org
1040	Laetitia	Lightfoot	Inpatient	5556075520	5556075520	5559630872	llightfoot@fakehospital.org
1041	Nesreen	Lenio	Administration	5552165214	5552165214	5553005399	nlenio@fakehospital.org
1042	Alita	Supper	Engineering Services	5555971975	5555971975	5552368675	asupper@fakehospital.org
1043	Mariano	Kaestner	Administration	5553223049	5553223049	5555558764	mkaestner@fakehospital.org
1044	Myriam	Govig	Human Resources	5554710761	5554710761	5552572462	mgovig@fakehospital.org
1045	Ania	Fineberg	Orthopaedic	5552579714	5552579714	5551567465	afineberg@fakehospital.org
1046	Estela	Hornedo	Clinical Engineering	5555693045	5555693045	5555572981	ehornedo@fakehospital.org
1047	Pete	Althiser	Information Technology and Communication	5551884340	5551884340	5558551495	palthiser@fakehospital.org
1048	Kyanna	Zmudzinski	General Surgery	5554264905	5554264905	5552246582	kzmudzinski@fakehospital.org
1049	Joyce	Warmbold	Housekeeping	5557440632	5557440632	5557749452	jwarmbold@fakehospital.org
1050	Shadia	Crnich	Central Sterilization Unit	5556689038	5556689038	5559075293	scrnich@fakehospital.org
1051	Kourtney	Puccia	Information Technology and Communication	5553119827	5553119827	5559644399	kpuccia@fakehospital.org
1052	Gracy	Litvack	Radiology	5558305950	5558305950	5557458816	glitvack@fakehospital.org
1053	Dayna	Sarvis	Clinical Pathology	5558281337	5558281337	5556914030	dsarvis@fakehospital.org
1054	Ada	Dettinger	Central Sterilization Unit	5557832525	5557832525	5555509757	adettinger@fakehospital.org
1055	Starling	Choudhury	Human Resources	5552328740	5552328740	5556285793	schoudhury@fakehospital.org
1056	Michial	Resende	Engineering Services	5559974866	5559974866	5555197067	mresende@fakehospital.org
1057	Mare	Acer	Human Resources	5559652507	5559652507	5558945859	macer@fakehospital.org
1058	Kahlan	Vaniman	Urology	5557529485	5557529485	5559490136	kvaniman@fakehospital.org
1059	Rajesh	Klamut	Radiology	5553893995	5553893995	5552428336	rklamut@fakehospital.org
1060	Trevon	Prete	Medical Records	5553008813	5553008813	5554942372	tprete@fakehospital.org
1061	Gudrun	Wiege	Human Resources	5558822578	5558822578	5553209651	gwiege@fakehospital.org
1062	Kalin	Schrader	Anesthesiology	5551276550	5551276550	5551736755	kschrader@fakehospital.org
1063	Taylor	Coogle	Clinical Engineering	5553650234	5553650234	5552434646	tcoogle@fakehospital.org
1064	Emmie	Matamoros	Engineering Services	5555182909	5555182909	5555919963	ematamoros@fakehospital.org
1065	Merri	Wildy	Human Resources	5554295655	5554295655	5556540544	mwildy@fakehospital.org
1066	Wilburn	Sandine	Anesthesiology	5553453319	5553453319	5553104687	wsandine@fakehospital.org
1067	Orlie	Hatoum	Human Resources	5558692760	5558692760	5556690484	ohatoum@fakehospital.org
1068	Sharn	Aganon	Haematology	5551604323	5551604323	5557060113	saganon@fakehospital.org
1069	Virgel	Vaez	Anesthesiology	5556433173	5556433173	5557412790	vvaez@fakehospital.org
1070	Glayds	Bulawa	General Surgery	5558234827	5558234827	5555908617	gbulawa@fakehospital.org
1071	Sonia	Bouchey	Housekeeping	5554196882	5554196882	5553226203	sbouchey@fakehospital.org
1072	Trelyn	Zamarron	Information Technology and Communication	5558993424	5558993424	5558761845	tzamarron@fakehospital.org
1073	Myria	Verdecia	Pharmacy	5554092422	5554092422	5553481708	mverdecia@fakehospital.org
1074	Sacha	Ghaffari	Human Resources	5555765839	5555765839	5551407802	sghaffari@fakehospital.org
1075	Georgina	Monsalud	Administration	5558833499	5558833499	5555958035	gmonsalud@fakehospital.org
1076	Ovie	Fague	Pharmacy	5558389148	5558389148	5556287571	ofague@fakehospital.org
1077	Christi	Pincay	Pharmacy	5558633038	5558633038	5557446341	cpincay@fakehospital.org
1078	Murle	Petley	Catering and Food Services	5559424464	5559424464	5558451642	mpetley@fakehospital.org
1079	Tina	Crimaldi	Information Technology and Communication	5556779442	5556779442	5559252746	tcrimaldi@fakehospital.org
1080	Lyndal	Lippi	Inpatient	5552037530	5552037530	5555931062	llippi@fakehospital.org
1081	Theo	Harmon	Psychiatry	5559365199	5559365199	5553419210	tharmon@fakehospital.org
1082	Othmar	Shake	Finance	5553370695	5553370695	5559822496	oshake@fakehospital.org
1083	Cathrine	Kauppi	Information Technology and Communication	5557414185	5557414185	5551590283	ckauppi@fakehospital.org
1084	Donnalee	Angelou	Pharmacy	5558315661	5558315661	5559681281	dangelou@fakehospital.org
1085	Linus	Vraa	Medical Records	5554792312	5554792312	5558575129	lvraa@fakehospital.org
1086	Carin	Ebbs	Opthalmology	5552520467	5552520467	5555008064	cebbs@fakehospital.org
1087	Jack	Turinsky	Medical Records	5557433521	5557433521	5554101642	jturinsky@fakehospital.org
1088	Bobak	Balandran	Housekeeping	5556019187	5556019187	5553187402	bbalandran@fakehospital.org
1089	Jaime	Thiessen	Engineering Services	5558811625	5558811625	5557365689	jthiessen@fakehospital.org
1090	Steffanie	Cowley	Pharmacy	5551278868	5551278868	5556820471	scowley@fakehospital.org
1091	Clayborn	Liebsch	Urology	5552827548	5552827548	5552015031	cliebsch@fakehospital.org
1092	Samanta	Tschopp	Intensive Care Unit	5558191612	5558191612	5553139408	stschopp@fakehospital.org
1093	Pace	Strebler	Finance	5553267287	5553267287	5554239090	pstrebler@fakehospital.org
1094	Mikhaila	Appel	Housekeeping	5559993144	5559993144	5551437389	mappel@fakehospital.org
1095	Gertha	Gelly	Gastroenterology	5559040962	5559040962	5558901864	ggelly@fakehospital.org
1096	Lorenia	Pipino	Administration	5558610568	5558610568	5555808002	lpipino@fakehospital.org
1097	Freda	Statt	Anesthesiology	5559283745	5559283745	5559178019	fstatt@fakehospital.org
1098	Raynold	Wiggen	Information Technology and Communication	5554963484	5554963484	5556468023	rwiggen@fakehospital.org
1099	Vona	Sandwick	Information Technology and Communication	5553883731	5553883731	5559333596	vsandwick@fakehospital.org
1100	Winford	Staropoli	Neurology	5552649306	5552649306	5555187899	wstaropoli@fakehospital.org
